security_center_contact,resourceArmSecurityCenterContact,azurerm_security_center_contact
security_center_subscription_pricing,resourceArmSecurityCenterSubscriptionPricing,azurerm_security_center_subscription_pricing
security_center_workspace,resourceArmSecurityCenterWorkspace,azurerm_security_center_workspace
application_gateway.html,resourceArmApplicationGateway,azurerm_application_gateway
application_security_group.html,resourceArmApplicationSecurityGroup,azurerm_application_security_group
connection_monitor.html,resourceArmConnectionMonitor,azurerm_connection_monitor
network_connection_monitor.html,resourceArmNetworkConnectionMonitor,azurerm_network_connection_monitor
ddos_protection_plan.html,resourceArmDDoSProtectionPlan,azurerm_ddos_protection_plan
network_ddos_protection_plan.html,resourceArmNetworkDDoSProtectionPlan,azurerm_network_ddos_protection_plan
express_route_circuit.html,resourceArmExpressRouteCircuit,azurerm_express_route_circuit
express_route_circuit_authorization.html,resourceArmExpressRouteCircuitAuthorization,azurerm_express_route_circuit_authorization
express_route_circuit_peering.html,resourceArmExpressRouteCircuitPeering,azurerm_express_route_circuit_peering
firewall.html,resourceArmFirewall,azurerm_firewall
firewall_application_rule_collection.html,resourceArmFirewallApplicationRuleCollection,azurerm_firewall_application_rule_collection
firewall_nat_rule_collection.html,resourceArmFirewallNatRuleCollection,azurerm_firewall_nat_rule_collection
firewall_network_rule_collection.html,resourceArmFirewallNetworkRuleCollection,azurerm_firewall_network_rule_collection
local_network_gateway.html,resourceArmLocalNetworkGateway,azurerm_local_network_gateway
network_interface.html,resourceArmNetworkInterface,azurerm_network_interface
network_interface_application_gateway_backend_address_pool_association.html,resourceArmNetworkInterfaceApplicationGatewayBackendAddressPoolAssociation,azurerm_network_interface_application_gateway_backend_address_pool_association
network_interface_application_security_group_association.html,resourceArmNetworkInterfaceApplicationSecurityGroupAssociation,azurerm_network_interface_application_security_group_association
network_interface_backend_address_pool_association.html,resourceArmNetworkInterfaceBackendAddressPoolAssociation,azurerm_network_interface_backend_address_pool_association
network_interface_nat_rule_association.html,resourceArmNetworkInterfaceNatRuleAssociation,azurerm_network_interface_nat_rule_association
network_profile.html,resourceArmNetworkProfile,azurerm_network_profile
network_security_group.html,resourceArmNetworkSecurityGroup,azurerm_network_security_group
network_security_rule.html,resourceArmNetworkSecurityRule,azurerm_network_security_rule
network_watcher.html,resourceArmNetworkWatcher,azurerm_network_watcher
packet_capture.html,resourceArmNetworkWatcher,azurerm_packet_capture
network_packet_capture.html,resourceArmNetworkPacketCapture,azurerm_network_packet_capture
public_ip.html,resourceArmPublicIp,azurerm_public_ip
public_ip_prefix.html,resourceArmPublicIpPrefix,azurerm_public_ip_prefix
route.html,resourceArmRoute,azurerm_route
route_table.html,resourceArmRouteTable,azurerm_route_table
subnet.html,resourceArmSubnet,azurerm_subnet
subnet_network_security_group_association.html,resourceArmSubnetNetworkSecurityGroupAssociation,azurerm_subnet_network_security_group_association
subnet_route_table_association.html,resourceArmSubnetRouteTableAssociation,azurerm_subnet_route_table_association
traffic_manager_endpoint.html,resourceArmTrafficManagerEndpoint,azurerm_traffic_manager_endpoint
traffic_manager_profile.html,resourceArmTrafficManagerProfile,azurerm_traffic_manager_profile
virtual_network.html,resourceArmVirtualNetwork,azurerm_virtual_network
virtual_network_gateway.html,resourceArmVirtualNetworkGateway,azurerm_virtual_network_gateway
virtual_network_gateway_connection.html,resourceArmVirtualNetworkGatewayConnection,azurerm_virtual_network_gateway_connection
virtual_network_peering.html,resourceArmVirtualNetworkPeering,azurerm_virtual_network_peering
